Source File	Size	loadResources	load	generateSnapshots	load-configure	scan	loadDepInfo	loadInfo	checkR4R4B	generateNarratives	validate	loadLists	checkConformanceResources	checkConformanceResources2	checkConformanceResources3	generateLogicalMaps	validateExpressions	scanForUsageStats	checkURLsUnique	processProvenanceDetails	translate	generate1	generate2	generateLogicals	makeDependencies	generateExampleZip	generateValidationPack	scanProfilesForR5	scanExamplesForR5
/fsh-generated/resources/ImplementationGuide-ans.fhir.fr.mss.json	8930	-	0	0	0	0	0	0	14	68	0	0	0	0	0	0	0	1	0	0	17	117	275	0	0	0	3	0	1
fsh-generated/resources/Bundle-mss-bundle-bal-per-elements.json	3703	5	10	0	3	0	0	0	1	625	0	0	0	0	0	0	0	0	0	0	18	15	29	0	0	1	0	0	0
fsh-generated/resources/Bundle-mss-bundle-bal-per-full.json	3680	3	3	0	0	0	0	0	0	3	0	0	0	0	0	0	0	0	0	0	9	11	26	0	0	0	0	0	0
fsh-generated/resources/CapabilityStatement-AsMssServerCapabilityStatement.json	4653	3	0	0	0	0	0	0	1	20	0	0	0	0	1	0	0	0	0	0	9	47	76	0	0	0	2	0	1
fsh-generated/resources/Practitioner-mss-practitioner-bal-per-dupont-elements.json	1188	3	0	0	0	0	0	0	0	6	0	0	0	0	0	0	0	0	0	0	8	9	16	0	0	0	0	0	0
fsh-generated/resources/Practitioner-mss-practitioner-bal-per-dupont.json	1180	2	0	0	0	0	0	0	1	2	0	0	0	0	0	0	0	0	0	0	6	8	14	0	0	0	0	0	0
fsh-generated/resources/Practitioner-mss-practitioner-bal-per-martin-elements.json	1182	3	0	0	0	0	0	0	0	2	0	0	0	0	0	0	0	0	0	0	4	8	14	0	0	0	0	0	0
fsh-generated/resources/Practitioner-mss-practitioner-bal-per-martin.json	1170	2	0	0	0	0	0	0	0	3	0	0	0	0	0	0	0	0	0	0	4	7	12	0	1	0	0	0	0
fsh-generated/resources/StructureDefinition-as-bal-mss-app.json	3123	3	0	8	0	0	0	0	0	47	0	0	0	0	0	0	0	0	0	0	1	62	947	0	0	0	2	1	0
fsh-generated/resources/StructureDefinition-as-bal-mss-cab.json	1899	3	0	6	0	0	0	0	0	8	0	0	0	0	0	0	0	0	0	0	1	44	206	0	0	0	1	0	0
fsh-generated/resources/StructureDefinition-as-bal-mss-org.json	3135	3	0	5	0	0	0	0	0	10	0	0	1	0	0	0	0	0	0	0	0	56	212	0	0	0	2	0	0
fsh-generated/resources/StructureDefinition-as-bal-mss-per.json	2041	2	0	5	0	0	0	0	0	7	0	0	0	0	0	0	0	0	0	0	1	42	181	0	0	0	1	0	0
/fsh-generated/includes/menu.xml	2234	-	-	-	0	0	0	0	0	0	0	0	0	0	0	0	0	0	0	0	0	0	0	0	0	0	0	0	0
/fsh-generated/includes/fsh-link-references.md	867	-	-	-	0	0	0	0	0	0	0	0	0	0	0	0	0	0	0	0	0	0	1	0	0	0	0	0	0
/input/data/features.yml	164	-	-	-	0	0	0	0	0	0	0	0	0	0	0	0	0	0	0	0	0	0	0	0	0	0	0	0	0
/input/pagecontent/spec-technique-flux-alimentation.md	8585	-	-	-	0	0	0	0	0	0	0	0	0	0	0	0	0	0	0	0	0	0	1	0	0	0	0	0	0
/input/pagecontent/spec-technique-vue-ensemble.md	2424	-	-	-	0	0	0	0	0	0	0	0	0	0	0	0	0	0	0	0	0	0	0	0	0	0	0	0	0
/input/pagecontent/spec-technique-flux-consommation.md	4971	-	-	-	0	0	0	0	0	0	0	0	0	0	0	0	0	0	0	0	0	0	1	0	0	0	0	0	0
/input/pagecontent/spec-fonctionnelle-alimentation.md	4403	-	-	-	0	0	0	0	0	0	0	0	0	0	0	0	0	0	0	0	0	0	0	0	0	0	0	0	0
/input/pagecontent/change-log.md	392	-	-	-	0	0	0	0	0	0	0	0	0	0	0	0	0	0	0	0	0	0	0	0	0	0	0	0	0
/input/pagecontent/translationinfo.md	58	-	-	-	0	0	0	0	0	0	0	0	0	0	0	0	0	0	0	0	0	0	0	0	0	0	0	0	0
/input/pagecontent/spec-fonctionnelle-intro.md	1341	-	-	-	0	0	0	0	0	0	0	0	0	0	0	0	0	0	0	0	0	0	1	0	0	0	0	0	0
/input/pagecontent/index.md	3145	-	-	-	0	0	0	0	0	0	0	0	0	0	0	0	0	0	0	0	0	0	0	0	0	0	0	0	0
/input/pagecontent/spec-technique-intro.md	4180	-	-	-	0	0	0	0	0	0	0	0	0	0	0	0	0	0	0	0	0	0	1	0	0	0	0	0	0
/template/config	0	-	-	-	0	0	0	0	0	0	0	0	0	0	0	0	0	0	0	0	0	0	0	0	0	0	0	0	0
/template/config/_config.yml	140	-	-	-	0	0	0	0	0	0	0	0	0	0	0	0	0	0	0	0	0	0	0	0	0	0	0	0	0
/input/images	0	-	-	-	0	0	0	0	0	0	0	0	0	0	0	0	0	0	0	0	0	0	0	0	0	0	0	0	0
/input/images/ci-sis-logo.png	61365	-	-	-	0	0	0	0	0	0	0	0	0	0	0	0	0	0	0	0	0	0	0	0	0	0	0	0	0
/input/images/anImage.png	36288	-	-	-	0	0	0	0	0	0	0	0	0	0	0	0	0	0	0	0	0	0	1	0	0	0	0	0	0
/temp/pages/_includes/artifacts.xml	9565	-	-	-	-	-	-	-	-	-	-	-	-	-	-	-	-	-	-	-	-	-	1	0	0	0	0	0	0
